ID,階段,模組,任務,說明,依賴,預估(人天),累積人天,優先級,狀態
P01,M-1,規劃,競品分析（高端訂製珠寶站）,重點看配置器／呈現／結帳，輸入給 PRD,—,0.5,0.5,P1,完成
P02,M-1,規劃,PRD 產品需求文件,目標客群／persona／價值主張／MVP 成功指標／範圍界定,P01,1.5,2,P0,完成
P03,M-1,規劃,User Flow 使用者流程,主要動線：首購下單／回訪查單／售後申請,P02,0.5,2.5,P0,完成
P04,M-1,規劃,IA 資訊架構,網站地圖／導覽選單／URL 結構（SEO 前提）,P02,0.5,3,P0,完成
P05,M-1,規劃,Wireframe 線框圖,重點頁：首頁／商品頁／配置器／購物車／結帳／會員中心,"P03,P04",2,5,P0,完成
T01,M0,基礎建設,建立 Git repo＋Next.js 骨架（含 UI kit）,目錄結構、lint、shadcn/ui＋Tailwind｜已完成：repo＋Next.js16骨架＋lint＋Tailwind＋CLAUDE.md＋6 hooks＋首次commit；shadcn 待裝,—,0.5,5.5,P0,完成
T02,M0,基礎建設,建立 Supabase 專案,"金鑰、環境變數｜✅ 完成（2026-06-24）：@supabase/supabase-js＋@supabase/ssr 已裝；建 src/lib/env.ts（型別 env）、supabase/client.ts（browser）、supabase/server.ts（server，Next16 await cookies）；接 Database 型別；/health 對 product head count 回 {ok:true,count:0} 連線通過。",—,0.5,6,P0,完成
T03,M0,資料庫,依 ER 圖建立 13 張表,建表、外鍵、索引｜✅ 完成（2026-06-24）：已 db push 至雲端 production（13 表）＋gen types 生成 src/types/database.types.ts，commit c124482。,T02,2,8,P0,完成
T46,M0,安全,Supabase RLS 資料列權限規則,會員只讀自己訂單；商品/選項公開唯讀；寫入走後端｜對齊 0001 schema：(1) 公開讀 product 的 policy 直接收 status=active 條件，draft/archived 不外露；後台看全狀態走 service role（後端），RLS 不另建 admin policy。(2) 會員資料 using member_id=auth.uid()；訪客 cart/cart_item 以 guest_token 走後端，不開前端直寫。(3) 帳務表 orders/payment/order_item/order_status_log 禁前端 DELETE（REVOKE DELETE＋不建 delete policy），一律軟刪除＝狀態流轉，實體列永久保留（外鍵 RESTRICT 只是防呆，這層才是稽核紅線）。※ 本任務高風險，動手前先 plan mode。｜✅ 完成（2026-06-24）：已套用雲端 production（11 條 policy、RLS Enabled），commit c124482。,T03,1.5,9.5,P0,完成
T04,M0,基礎建設,部署到 Vercel 並打通 CI,連 repo、首次部署｜✅ 完成（2026-06-25）：repo push 至 github.com/incantochen/incantochen；Vercel GitHub App 連接專案 jewelry-shop；env vars 已設定；首次部署成功＋驗證 push 自動觸發部署。production: https://jewelry-shop-delta.vercel.app,T01,0.5,10,P0,完成
T52,M0,流程,Staging 環境（Vercel preview）,分支預覽環境，金流先在此反覆測｜✅ 完成（2026-06-25）：建立 staging 分支並 push，驗證 Vercel 自動產生 Preview（非 Production）部署；穩定分支別名 https://jewelry-shop-git-staging-fishead02290-3279s-projects.vercel.app，未來 ECPay sandbox 回拋網址可固定指向此處。,T04,0.5,10.5,P1,完成
T05,M0,會員,Supabase Auth 設定（Email OTP 主＋Magic link 輔）,◆ 啟用 magic link 免密碼登入、redirect｜✅ 本機完成（2026-06-25）：config.toml＋magic_link.html 樣板，本機端到端測試通過（OTP 顯示＋連結指向 /auth/confirm＋verify 換 token 成功）；production Dashboard 設定待使用者手動操作。,T02,0.5,11,P0,完成
T43,M0,資料,手動塞戒指種子資料,直接建 1 款戒指＋選項（跳過後台 CRUD）｜✅ 完成（2026-06-25）：supabase/seed.sql 產出並 supabase db reset --local 套用，docs/verify-seed.sql 逐條驗收全數通過；修正 seed.sql／verify-seed.sql 誤用 option_type.sort_order（該表無此欄位）的 bug。,T46,0.5,11.5,P0,完成
T39,M0,設計,導入 UI kit 基礎樣式,shadcn/ui 撐住外觀，品牌打磨後置｜✅ 完成（2026-06-26）：shadcn/ui 已初始化；品牌色票（Emerald/Gold 完整色階）與雙軌字體已寫入 globals.css @theme；button.tsx 改寫為品牌規格（11.5px、tracking .2em、uppercase、rounded-btn 2px，四個變體：solid/gold/outline/ghost）；.eyebrow 工具類定義於 @layer components（11px、.34em、大寫、金色）。各頁所需 shadcn 元件（input/checkbox 等）隨任務補裝，品牌打磨深化留 T44。,T01,1.5,13,P0,完成
T56,M0,素材,3D 素材製作（自學 Blender）,◆ Blender 免費自學；單款建模＋批次算金屬色×寶石素材（時間另計）,—,3,16,P0,未開始
T06,M1,會員,登入入口（Email OTP／Magic link）,◆ 輸入 email 寄登入連結（無密碼/獨立註冊頁）｜✅ 完成（2026-06-25）：/login＋/auth/confirm；修正雲端 OTP 實際 8 位數(非 6 位)的 bug；Playwright 驗證通過。,T05,1.5,17.5,P0,完成
T07,M1,會員,登入狀態與路由保護,session、受保護頁｜✅ 完成（2026-06-25）：proxy.ts(session refresh)＋requireUser()＋/account 最小驗證頁；member 表無 INSERT policy，建會員走 service role。,T06,1,18.5,P0,完成
T15,M1,前台,戒指商品詳情頁,種子資料、UI kit｜✅ 骨架完成（2026-06-25）：src/app/products/[slug]/page.tsx＋SiteHeader/SiteFooter；不含配置器互動(T16-T20)與描述/相關商品區(無資料)；Playwright 驗證通過。,"T43,T39",1,19.5,P0,完成
T55,M1,內容,商品組合圖：精緻擬真疊圖機制,對齊＋陰影高光的圖層疊加，搭配 T56 3D 素材,"T15,T56",3,22.5,P0,未開始
T16,M1,配置器,配置器 UI（戒指選項）,寶石／金屬色／戒圍／數量｜✅ 完成（2026-06-25）：product-configurator.tsx client component，chip 點擊切換選取＋數量 stepper；價格不連動(留給T18)；Playwright 驗證通過。,T15,3,25.5,P0,完成
T17,M1,配置器,選項即時換圖,選項變動切換圖（搭配 T55 疊圖）,"T16,T55",1.5,27,P0,未開始
T18,M1,報價,報價引擎（即時計價）,底價＋Σ加價×數量｜✅ 完成（2026-06-25）：product-configurator.tsx 即時算 unit_price/小計，補回加價明細面板；Playwright 驗證價格正確即時更新。,T16,2,29,P0,完成
T19,M1,報價,規格＋金額快照結構,config_snapshot／單價快照｜✅ 完成（2026-06-25）：server action 內伺服器端重算並組出符合 data-model.md 契約的 JSON，與 T20 一起做。,T18,1,30,P0,完成
T20,M1,購物車,加入購物車（寫快照）,CartItem 寫快照｜✅ 完成（2026-06-25）：新增 service-role client＋addToCart action，guest_token cookie，雲端 DB 驗證通過。,T19,1.5,31.5,P0,完成
T21,M1,購物車,購物車頁,項目、改數量、刪除、小計｜✅ 完成（2026-06-25）：/cart 頁＋擁有權檢查的改數量/刪除 action；Playwright＋雲端 DB 驗證通過。✅ 購物車徽章（2026-06-26）：SiteHeader 購物袋圖示右上角紅色數字徽章（最高 9+）；src/lib/cart/get-cart-count.ts（service role 讀 guest_token cookie 取數量）；加入購物袋後 router.refresh() 即時更新。,T20,2,33.5,P0,完成
T22,M1,結帳,結帳頁（收件＋配送）,◆ 收件資訊、配送；結帳即建會員（magic link）｜✅ 完成（2026-06-25）：/checkout＋checkout-form.tsx(Zod驗證)；釐清結帳本身不需OTP，建會員留給T23；已補郵遞區號欄位(查證ECPay黑貓宅配API需求)；送出按鈕disabled(待T23/T48/T57)。,T21,2,35.5,P0,完成
T48,M1,金流,綠界黑貓宅配串接（保價＋本人簽收）,黑貓宅配 API、保價、本人簽收；僅收台灣宅配費（國際段內含定價）,T22,1.5,37,P0,未開始
T57,M1,法務,客製例外告知與同意（結帳）,結帳明示客製品不適用七天猶豫期，勾選同意才下單，存同意＋時間戳記,T22,0.5,37.5,P0,完成
T23,M1,訂單,建立訂單（待付款）,◆ Order/OrderItem、單號；用 email 建會員或辨識既有會員,"T22,T48,T57",2.5,40,P0,完成
T41,M1,安全,伺服器端驗價＋金鑰隔離,後端重算金額＋運費；金鑰僅留伺服器｜✅ 完成（2026-06-26）：verify-prices.ts（Zod驗config_snapshot、DB重查base_price+price_delta、重建configSnapshot、priceChanged）；createOrder加R/S/Q loop（金額變動→更新cart_item快照、revalidate、回傳priceUpdated:true不建單）；checkout-form.tsx區分amber警示vs紅色硬錯誤+router.refresh()；env.server.ts加SUPABASE_SERVICE_ROLE_KEY required()；service-role.ts改用serverEnv。,"T18,T23",1.5,41.5,P0,完成
T51,M1,品質,報價引擎單元測試,計價／驗價自動測試,"T18,T41",1,42.5,P0,完成
T58,M1,安全,◆ 應用層安全防護,SQL 注入防護(參數化/RPC綁定)、輸入驗證(Zod)、安全標頭、XSS、速率限制/防濫發 magic link｜✅ 完成（2026-06-27）：next.config.ts Security headers（X-Frame-Options/nosniff/Referrer-Policy/Permissions-Policy/CSP/HSTS）；login/actions.ts email trim+lowercase+Zod驗證＋Upstash Redis 雙重速率限制（IP+email 各別；verifyOtp IP 30/min）；src/lib/rate-limit.ts 封裝 slidingWindow limiters,"T07,T18",1.5,44,P0,完成
T24,M1,金流,ECPay sandbox 設定,測試商店、金鑰、SDK,T02,1,45,P0,完成
T25,M1,金流,建立付款請求並導向 ECPay,交易、CheckMacValue、導頁,"T23,T24",2.5,47.5,P0,完成
T26,M1,金流,處理回拋並更新狀態,callback 驗證、更新 Payment／Order,T25,2.5,50,P0,完成
T53,M1,金流,冪等性處理（防重複）,建單／回拋去重；雙通道處理｜✅ 完成（2026-06-26）：generateMerchantTradeNo；buildAioParams 接受外部 merchantTradeNo；/checkout/pay 預建 payment 記錄、復用 pending 冪等、已付款直導成功頁；webhook 以 merchant_trade_no 查 payment 表、UPDATE 防競態、fallback 處理 23505。,T26,1,51,P0,完成
T27,M1,金流,付款結果頁,成功／失敗導引｜✅ 完成（2026-06-26）：/checkout/success 強化（DB 讀狀態，paid→完整訂單資訊，pending_payment→3s 輪詢最多 90s）；新增 /checkout/failed（失敗頁，重新付款入口；若訂單已 paid 自動跳轉成功頁）；order-result route 失敗改導向 /checkout/failed。,T26,1,52,P0,完成
T30a,M1,通知,Email 下單確認（基本）,付款成功寄客人確認信｜✅ 完成（2026-06-27）：resend 安裝；env.server.ts 加 RESEND_API_KEY；src/lib/email/order-confirmation.ts（查 order+items+member email→buildEmailHtml→Resend send）；notify/route.ts 兩個 paid path 各加 void sendOrderConfirmation().catch(()=>{})；FROM_EMAIL=onboarding@resend.dev（T35 換自訂網域）；E2E：checkout→ECPay sandbox→webhook 1|OK→Resend 確認信寄出,T26,1.5,53.5,P0,完成
T49,M1,通知,新訂單通知店家,有新單即 email／LINE 通知你本人｜✅ 完成（2026-06-27）：src/lib/email/new-order-notification.ts（sendNewOrderNotification：查 orders+items+member.email；HTML 含訂單號/客人資訊/品項/總計）；notify/route.ts 兩個 paid path 加 void sendNewOrderNotification().catch(()=>{})；TO固定=fishead02290@gmail.com（T35後改env var）,T26,0.5,54,P0,完成
T28,M2,訂單,訂單狀態機,狀態定義與合法轉換,T26,1.5,55.5,P0,完成
T29,M2,訂單,狀態紀錄（OrderStatusLog）,狀態變更寫 log,T28,0.5,56,P0,完成
T08,M2,會員,會員中心框架,版面、個人資料頁｜✅ 完成（2026-07-01）：`/account` layout（側邊 nav：訂單／個人資料／登出）＋`account-nav.tsx`（active 判斷）；`/account/profile`（唯讀 Email＋可編輯姓名，service role 更新 member.name）；`/account/orders` 佔位頁（留 T32）；require-user.ts/proxy.ts 補登入後導回原頁（?redirect=）；site-header 會員 icon 改連 /account,T07,1.5,57.5,P0,完成
T31,M2,後台,後台訂單管理,看單、改狀態、貼物流單號,T28,2.5,60,P0,完成
T64,M2,安全,◆ 後台 PII 遮罩＋存取稽核,後台顯示遮罩(09xx-***-123)、記錄誰存取個資｜✅ 完成（2026-07-02）：後台列表／詳情預設遮罩（姓名/電話/Email/地址），詳情頁「顯示完整個資」走 server action 揭示並寫應用層稽核 log（不新增 DB 表）,T31,0.5,60.5,P1,完成
T32,M2,前台,顧客訂單追蹤,會員中心看狀態與紀錄｜✅ 完成（2026-07-02）：`/account/orders` 換成真實訂單列表（取代 T08 佔位頁）；`/account/orders/[id]` 詳情頁（狀態時間軸、物流單號、品項與合計，不含售後入口＝T33 範圍）；STATUS_LABELS／日期金額 formatter 去重抽到 order-status.ts／utils.ts；product 名稱改走 service role 查（RLS 對下架商品會擋 join），順帶開了 T65 追蹤日後補 product_name_snapshot,"T29,T08",1.5,62,P0,完成
T65,M2,訂單,OrderItem 補 product_name_snapshot,商品改名或下架後，待付款訂單明細會顯示現在的名稱而非下單當下的名稱；比照既有 unit_price_snapshot/config_snapshot 做法，order_item 新增 product_name_snapshot 欄位，createOrder() 寫入時鎖住商品名稱。影響 T23（建立訂單寫入）、T31（後台顯示）、T32（顧客追蹤頁，屆時可改直接讀 snapshot，取代目前用 service role 補查 product.name 的暫時做法）。涉及 migration，動手前先 plan mode。｜✅ 完成（2026-07-02）：migration 0005（nullable＋回填既有訂單）；verifyCartPrices 回傳 productName（DB 驗證同一次查詢取得），createOrder 寫入 product_name_snapshot；顯示端（會員/後台/Email/ECPay ItemName）快照優先、join 現值僅 null 窗口 fallback；移除 T32 的 service role 補查 workaround；新增 4 個單測（name 缺失/空值/非字串 → 擋單）,T23,0.5,62.5,P1,完成
T66,M2,訂單,🚀◆ 待付款訂單逾期自動取消,pending_payment 無時效，客人可壓舊價很久後再付款；正解是逾期自動取消（如 72 小時，走 transitionOrder 狀態機轉 cancelled＋寫 order_status_log），而非付款重試時重驗價（會造成頁面顯示與實刷金額不一致）。T65 規劃時定案（2026-07-02）。【批次3：與 T74／T75 同批——三者都動待付款生命週期，逾期窗口／換號時機／清車時機須一致設計】,T28,0.5,63,P1,未開始
T30b,M2,通知,其餘狀態通知（出貨等）,"出貨／配送 email｜✅ 完成（2026-07-04）：sendOrderShippedNotification（鏡射 order-confirmation.ts）＋escape-html.ts 共用 helper；shipOrder 用既有 sendOnce 去重＋await；面交（pickup）與宅配文案分流（不誤植「已交由物流出貨」）。Admin Override 繞過通知的缺口併入 T87。PR #32。",T28,1,64,P0,完成
T09,M3,後台,後台框架＋管理員權限,版面、admin 角色,T07,2,66,P0,未開始
T11,M3,商品,圖片上傳到 Storage,商品圖／選項對應圖,T09,1,67,P0,未開始
T10,M3,商品,商品款式 CRUD,Product 建立／編輯／上下架｜對齊 0001 schema：商品一旦被 cart_item/order_item 引用即無法硬刪（FK RESTRICT，賣過的幾乎永久不可刪），故後台只提供「封存」＝status 改 archived，不提供刪除；若保留刪除入口，須先查是否仍被引用，有則禁用刪除鈕並提示「請改封存」，勿讓使用者撞資料庫外鍵錯誤。列表加狀態篩選器（active/draft/archived），預設顯示 active＋draft、archived 收進篩選以便復原。配套：前台目錄/PDP 預設只撈 active（吃 idx_product_category_status），封存品的舊連結回 404 或「已下架」頁。,"T09,T03",2,69,P0,未開始
T12,M3,選項,選項類型／選項值 CRUD,OptionType／OptionValue,"T10,T11",2.5,71.5,P0,未開始
T13,M3,選項,款式選項對應＋可選值白名單,ProductOption／ProductOptionValue,T12,2.5,74,P0,未開始
T14,M4,前台,商品目錄頁（多品類框架）,支援多類，先上戒指,T10,1.5,75.5,P0,未開始
T54,M4,前台,🚀戒圍尺寸對照／量法說明頁,降低選錯尺寸的重做成本,T16,0.5,76,P1,未開始
T44,M4,設計,🚀品牌視覺打磨,在 UI kit 基礎上提升質感,"T39,T16",2,78,P1,未開始
T40,M4,前台,🚀RWD 與互動打磨,響應式、載入／過場／空狀態,"T16,T22",2.5,80.5,P0,未開始
T59,M4,SEO,◆ SEO 基礎,meta／OG 分享卡／sitemap／robots／商品結構化資料,T14,1,81.5,P1,未開始
T60,M4,分析,🚀◆ 網站分析＋Cookie 同意,GA4／轉換追蹤＋Cookie 同意 banner,T14,0.5,82,P1,未開始
T62,M4,前台,🚀◆ 客製錯誤頁＋圖片效能優化,404／500 頁、Next.js Image 最佳化、lazy load,T40,0.5,82.5,P1,未開始
T42,M5,金流,🚀電子發票串接（ECPay）,付款後開立電子發票,T26,1.5,84,P0,未開始
T47,M5,售後,退換貨流程＋綠界金流退刷,申請→審核分流→綠界退刷 API→狀態已退款→通知；物流退貨低單量手動收件,T26,2.5,86.5,P0,未開始
T50,M5,通知,🚀Email 送達性（SPF/DKIM/DMARC）,寄件網域驗證，避免進垃圾信,T30a,0.5,87,P0,未開始
T34,M5,上線,🚀資料庫自動備份設定,排程備份／升 Pro（收單前必做）。**DoD 擴充（2026-07-04 營運面檢討）：必須實際演練一次還原**（還原到獨立測試專案、驗證資料完整）——沒驗證過還原的備份等於沒有備份。Dashboard 操作由使用者本人執行。,T03,0.5,87.5,P0,未開始
T35,M5,上線,🚀正式環境＋ECPay 正式金鑰,切正式、環境變數,T26,1,88.5,P0,未開始
T36,M5,上線,🚀隱私／服務條款頁,◆ 客製例外載明＋個資告知/隱私權政策；用詞需律師審,—,0.5,89,P0,未開始
T61,M5,法務,🚀◆ 賣家資訊揭露＋聯絡頁,通訊交易應載明事項(賣家名稱/聯絡/退換貨政策)、聯絡我們,—,0.5,89.5,P0,未開始
T63,M5,法務,🚀◆ 當事人個資權利處理流程,查詢／更正／刪除個資請求（初期人工 email）｜對齊 0001：因 orders 對 member 為 FK RESTRICT，有訂單的會員無法實體刪除；當事人刪除請求走「匿名化」（洗去姓名/email、保留帳務），非真刪。,T08,0.5,90,P1,未開始
T37,M2,上線,基本錯誤監控,Sentry 或等價。**提前＋升級 P0（2026-07-04 營運面檢討）**：目前所有 error handling 的最後一環都是 console.error，Vercel logs 留存短且沒有人主動看——「錯誤有被記錄」≠「錯誤會被看到」，production webhook 噴錯目前只能靠客人抱怨才發現。它是整套防禦性寫法（coding-system.md）的兜底，沒有它所有 throw 與 log 都是對空氣說話。收單前必須就位。｜✅ 完成（2026-07-04）：裝 @sentry/nextjs，接 instrumentation.ts／instrumentation-client.ts／global-error.tsx，next.config.ts 用 withSentryConfig 包裝＋CSP 開放 ingest 網域；補上 ECPay webhook（notify/route.ts）與 sendOnce 通知管線既有靜默失敗點的 Sentry 回報；本機手動觸發例外並在 Sentry 後台確認收到事件。PR #31。,T04,0.5,90.5,P0,完成
T33,M2,售後,售後申請（分類）,七天退(限適用品)/瑕疵申訴/維修保養，不同流程時限｜✅ 完成（2026-07-02）：新增 support_request 表（migration 0006，破例增表）；業務拍板半客製＝法定客製品無七天鑑賞退；客戶端單一入口「商品問題回報」（存 return_defect）；`/account/orders/[id]/support` 申請頁＋訂單詳情頁入口；`/admin/orders/[id]` 售後區塊（狀態更新＋手動建維修/保養案件）；email 通知店家。完整審核分流＋綠界退刷 API 自動化留 T47（M5）,T08,1.5,92,P1,完成
T38,M5,上線,🚀整體測試與上線檢查（戒指）,E2E 走查、checklist｜checklist 須檢核四項 dashboard 設定已完成：T34 備份／T50 寄件網域／T82 環境分離＋Deployment Protection／T83 Auth production 設定（2026-07-02 環境審查補充）｜再加一項（2026-07-04，T37 PR #31 隨手記）：NEXT_PUBLIC_SENTRY_DSN 設定完成後，手動觸發一次例外（build+start 或打錯 CheckMacValue 的 ECPay webhook），確認 Sentry 專案 Issues 頁面真的收到事件、environment 標記正確，才算監控就位｜再加一項「配額與方案盤點」（2026-07-08 壓測風險討論定案，以此取代壓力測試——現階段流量模型不需壓測，真風險是免費方案天花板）：①**Vercel 升 Pro（Hobby 條款禁止商業用途，收單前必辦）**②Resend 免費 ~100 封/天 vs 預估單量（一單 2–3 封）③Upstash 免費每日指令數 vs OTP 限流用量④Supabase Pro（T34 已含）⑤日後有行銷檔期/媒體曝光前，再對 staging 做輕量 load test（k6，需 T82 完成）。Dashboard 操作由使用者本人執行,—,2,94,P0,未開始
T45,後續,擴充,擴充其他品類（耳環／項鍊／手鍊）,靠後台自行上架＋素材,T13,2,96,P2,未開始
T67,M2,金流,◆ 修正 order-result 訂單號重組錯誤,"✅ 完成（2026-07-04，PR #30）：order-result route slice(11) 改 slice(11,17)，與 notify fallback 一致；新增 route.test.ts。",T53,0.25,96.25,P0,完成
T68,M2,金流,◆ Webhook 錯誤處理與金額核對強化,"✅ 完成（2026-07-04，PR #30）：notify 外層 catch 改回 0|Internal Error 觸發 ECPay 重送；正常/fallback 兩路徑皆加 TradeAmt 與系統內金額核對（縱深防禦）。三輪 ultrareview 追加：ensureOrderPaid/ensureNotificationSent/payment UPDATE 皆補上 Supabase {error} 檢查（原本只看 data 會把暫時性 DB 錯誤誤判成功）。",T26,0.5,96.75,P0,完成
T69,M2,通知,◆ Email 改 waitUntil＋notification 去重落地,"✅ 完成（2026-07-04，PR #30）：email 寄送改 await（未採 waitUntil，避免引入新依賴）；新增 src/lib/notification/send-once.ts 落實 notification 表 unique(order_id,type) 去重，含 claim/reclaim/stale-pending 機制。已知殘留缺口：send-once.ts 的 never-throw 契約讓自癒機制對「真正寄信失敗」打不到，登記為 T88 另外處理。",T68,0.5,97.25,P0,完成
T70,M2,資料庫,🚀◆ cart.guest_token 加 unique 約束,"✅ 完成（2026-07-09，PR #45）：新增 partial unique index `uq_cart_guest_token`（已套用至雲端 production，push 前先跑唯讀查詢確認無既有重複 guest_token）；`addToCart` 改 insert-then-23505-retry（非 upsert：目標為 partial unique index，PostgREST upsert 的 on_conflict 無法指定其 WHERE 述詞）。本機 `/code-review high`（8 角度）複核無 blocking 發現，追加登記 F-018（23505 字面量重複／migration 缺 CONCURRENTLY）、F-019（修法未涵蓋首次訪客雙擊時 guest_token 尚未存在的情境），與 F-017 追加 addToCart 的 product/product_option 讀取未查 error（併入 T95）。【批次4 地基：T78／T81 可接續】",T20,0.5,97.75,P0,完成
T71,M2,安全,🚀◆ 訪客結帳 Email 未驗證掛單防護,審查發現：結帳輸入任何既有會員 email 即可把訂單（含任意地址）掛進對方帳號；亦構成帳號枚舉。既有帳號改要求 OTP 登入、或訂單待 email 驗證後才綁定會員。,T23,1,98.75,P1,未開始
T72,M2,安全,🚀◆ Email 模板 HTML escape＋表單長度上限,審查發現：收件人姓名／地址／選項 label 未跳脫直接插入信件 HTML——店家新訂單通知信可被注入任意 HTML／釣魚連結；且 checkout schema 姓名地址無 max 長度。補 escape 函式＋schema max()。【批次2：與 T84 必須同批——共用 escapeHtml 一次套三支寄信程式】,T30a,0.5,99.25,P1,未開始
T73,M2,安全,🚀◆ 成功頁存取控制＋訂單號改 crypto 亂數,審查發現：僅憑 order_no 即可看 email／姓名／金額；order_no 用 Math.random（非密碼學強度、帶日期前綴）且該路由無限流。改 crypto.getRandomValues＋成功頁綁 session／短效 cookie。**範圍擴充（2026-07-03 F-006）：同根因存在於 checkout/pay（且會替他人訂單建 payment row）與 failed 頁——擁有權綁定須一併套用三頁**。,T27,0.5,99.75,P1,未開始
T74,M2,金流,🚀◆ pending payment 逾期換新 trade no,審查發現：客人進 ECPay 收銀台後放棄→無 webhook、payment 永遠 pending→復用同 MerchantTradeNo 可能被綠界拒絕而付款卡死。逾時（如 30 分鐘）改產新 trade no；與 T66 逾期取消整合。【批次3：與 T66／T75 同批】,T66,0.5,100.25,P1,未開始
T75,M2,購物車,◆ 付款完成後才清購物車,審查發現：建單當下即清車→付款失敗／放棄後客人須重新配置半客製商品（高流失）。改付款 paid 後才清、或保留購物車至訂單逾期取消。【批次3：與 T66／T74 同批——取消訂單時的清車行為要一致；若做 T76 先做（重構 createOrder 骨架）】,T23,0.5,100.75,P1,未開始
T76,M5,訂單,訂單建立交易化（RPC）,審查發現：order＋order_item 兩段 insert 無交易包裹、明細失敗留孤兒訂單靠人工清理。包成 Postgres function 單一交易。【結構前置：會重構 createOrder 骨架，若要做應排在 T71／T75 之前，避免同檔改兩次】,T23,0.5,101.25,P2,未開始
T77,M5,後台,shipOrder 先驗狀態再寫 tracking_no,審查發現：先 update tracking_no 再 transitionOrder→非法轉換拋錯時單號已寫入、狀態不一致。調整順序或併入同一交易。,T31,0.25,101.5,P2,未開始
T78,M5,安全,購物車寫入限流＋過期清理,審查發現：匿名可無限建 cart／cart_item（無限流、無清理排程）。加 rate limit＋stale cart 定期清除（90 天 cookie 到期對齊）。【批次4：T70 先行】｜範圍併入 G-08（2026-07-08，architecture.md §8.2）；決策 #14 已定案（2026-07-08）：cookie 30 天 rolling／DB updated_at 逾 90 天清理（僅 member_id IS NULL，CASCADE 帶走 cart_item）／token 不輪替（刻意不做），規格見 data-model.md §9.1；清理排程復用既有 Vercel Cron 模式（CRON_SECRET 驗證，同 ecpay-reconcile）,"T58,T70",0.5,102,P2,未開始
T79,M5,會員,findOrCreateMember 錯誤處理,審查發現：insert 錯誤被完全吞掉→後續 orders FK 失敗才爆籠統錯誤。檢查 error（容忍 23505 併發重複）並回傳失敗訊號。,T07,0.25,102.25,P2,未開始
T80,M5,安全,PII 稽核 log 留存強化,審查發現：logPiiAccess 走 console→Vercel logs 留存短（依方案數小時到數天）、稽核形同揮發。｜決策 #13 已定案（2026-07-08）：落表 pii_access_log（第 15 張表破例；僅 service role insert、無 select policy、禁 update/delete、隨 T34 備份），規格見 data-model.md §9.2；涉及 migration 動手前先 plan mode。,T64,0.5,102.75,P2,未開始
T81,後續,購物車,會員購物車合併（登入併 guest cart）,審查發現：cart.member_id 欄位存在但全程未用、購物車完全綁 cookie——會員換裝置／清 cookie 即遺失。登入時將 guest cart 併入會員 cart（0001 schema 註解原本即預期此行為）。【批次4：T70 先行——合併邏輯依賴「一 token 一車」保證】,"T08,T70",1,103.75,P2,未開始
T82,M5,基礎建設,🚀◆ Vercel 環境變數分離（Preview／Production）,環境審查發現（2026-07-02）：13 個變數全部 Preview＋Production 共用→①staging 直接寫 production DB（已證實：production 有 7 張 sandbox 測試單）②T35 換正式 ECPay 金鑰時 preview 也會拿到真收單金鑰③NEXT_PUBLIC_SITE_URL 單一值致 webhook 回打錯環境④service role key 暴露給所有 preview build。修法：Preview 指向獨立 Supabase 專案／branch、ECPay 永遠留 sandbox 於 Preview、SITE_URL 分環境；順帶確認 Deployment Protection 開啟。完成後清除 production 測試資料（orders／payment／member／cart＋auth.users 測試帳號，寫一次性 script）。**必須在 T35 之前完成**。Dashboard 操作由使用者本人執行。,T52,1,104.75,P0,未開始
T83,M5,會員,🚀◆ Supabase Auth production 設定完成＋驗證,環境審查補列（2026-07-02）：T05 標完成但 production 端 Dashboard 設定（Site URL／Redirect URLs／Magic Link 範本套用）一直懸置、僅記在說明文字易被遺忘；另確認 OTP 效期設定。完成後在 production 實測一次 magic link 登入全流程（OTP 已驗證可用，缺的是 magic link 落地路徑）。Dashboard 操作由使用者本人執行。上線前必完成。｜補充（2026-07-09，T86 開發時觀察）：雲端 production 登入信實測只收到純連結、無驗證碼可輸入，佐證雲端仍在用預設範本、magic_link.html 未套用。,T05,0.5,105.25,P0,未開始
T84,M2,安全,🚀◆ 售後通知信 HTML escape（F-001）,排程審查發現（2026-07-02 F-001）：support-request-notification.ts 未跳脫客人自由輸入的「說明」欄與姓名→店家信箱可被注入任意 HTML／釣魚連結。與 T72 同根本原因、T33 新增程式未被 T72 涵蓋——**與 T72 同批修復**：新增共用 escapeHtml() 套用三支寄信程式全部插值。【批次2：與 T72 必須同批】,T72,0.25,105.5,P1,未開始
T85,M2,品質,◆ webhook／createOrder 自動化測試（F-004）,"✅ 完成（2026-07-03，PR #29）：排程審查發現（2026-07-02 F-004）：notify webhook 與 createOrder 為最關鍵路徑但零測試——T67／T68／T69 修復易靜默回歸。**先補測試再動那三項修復**：notify（驗章失敗回 0|Error、pending→paid 冪等且第二次不重複副作用、金額核對）；createOrder（驗價變動不建單回 priceUpdated、order_no 碰撞重試、明細失敗處理）。實作：src/app/api/ecpay/notify/__tests__/route.test.ts＋src/app/checkout/__tests__/create-order.test.ts，84/84 測試通過。【批次1 前置：本項完成，可動 T67／T68／T69】",T51,1,106.5,P1,完成
T86,M2,安全,🚀◆ 登入頁開放轉址修正（F-005）,排程審查發現（2026-07-03 F-005）：login/page.tsx 的 ?redirect= 未驗證即 router.push——攻擊者可用本站登入頁接力導向釣魚站。修法：僅接受單一 / 開頭且非 //、/\ 開頭的站內相對路徑，否則退回 /。獨立修改、無批次耦合。,T06,0.25,106.75,P1,未開始
T87,M5,通知,取消／退款／出貨（override）通知信,"T67／T68／T69 review round 3（2026-07-03）順帶發現：src/lib/email/ 目前只有 order-confirmation／new-order-notification／support-request-notification 三支，後台 order-actions.tsx 手動把訂單改成 cancelled／refunded 時完全沒有寄信通知客人；notify webhook 的 ensureNotificationSent 也因此刻意只在 status===paid 才寄信（避免對已取消/退款訂單誤發訂單確認信），但取消/退款當下客人端不會收到任何通知。範圍比 T47（退換貨流程＋綠界金流退刷，含審核分流）小很多，可獨立先做：比照 order-confirmation.ts 架構新增 order-cancelled/order-refunded 通知信，在 order-actions.tsx 狀態轉換成功後寄出。T47 做完整退換貨流程時一併沿用。｜範圍擴充（2026-07-04，T30b PR review 順帶發現）：同一根因也存在於「出貨」——Admin Override 面板可直接把訂單改成 shipped，完全繞過 shipOrder，不寫 tracking_no、也不寄 T30b 新增的出貨通知信。修這批時一併在 overrideStatus 針對 to==='shipped' 補寄（沿用 sendOnce＋order_shipped type 去重）。",T31,0.5,107.25,P2,未開始
T88,M2,通知,◆ sendOnce 失敗信件永久無法重試（PR #30 ultrareview 第三輪）,PR #30 review 發現：send-once.ts 的核心設計原則是「絕不讓例外往外拋」，所以 send()（實際寄信）失敗時只標記 notification.status='failed'、正常返回，webhook 照樣回 1|OK。這讓 T69 round 3 加入的「webhook 重送時自動補寄失敗信件」自癒機制（ensureNotificationSent＋stale-pending/failed reclaim）對「寄信本身失敗」這個最常見情境完全打不到——觸發補寄的唯一途徑（ECPay 重送）永遠不會發生，因為回應已經是「成功」。信件會永久卡在 failed，無後台補寄按鈕、無排程工作可救。需重新設計 sendOnce 的錯誤傳遞方式，區分「次要環節（DB 讀寫）失敗可吞」vs「寄信真正失敗必須讓 webhook 知道以觸發 ECPay 重送」，屬架構決策，動手前先 plan mode。,T69,0.75,108,P1,未開始
<<<<<<< HEAD
T89,M2,金流,◆ ECPay 主動對帳（金流終極兜底）,營運面檢討（2026-07-04）：CLAUDE.md §6 原則「Webhook＋主動對帳 API 共用冪等鎖」中的主動對帳從未實作。意義：無論 webhook 因任何原因遺失（含尚未想到的失敗模式），定期用 ECPay 訂單查詢 API（QueryTradeInfo）比對「綠界已收款」vs「系統記錄狀態」，不一致就修正＋告警。它是 Invariant（付款成功的訂單最終必為 paid）的最終執法者——T88 這類「重試迴路斷鏈」問題有對帳在就從「永久遺失」降級為「最多延遲一個對帳週期」，整類問題一次兜住。實作：Vercel Cron＋查詢 API＋復用既有冪等機制（ensureOrderPaid 等）；涉及金流，動手前先 plan mode。收單前必須就位。｜✅ 完成（2026-07-07，PR #33＋code-review 修正＋migration 0007 payment.last_reconciled_at）：/api/cron/ecpay-reconcile 每日 18:00 UTC（vercel.json crons）；QueryTradeInfo 比對＋CAS 條件式更新＋金額核對＋限流退避＋Sentry 告警；2026-07-07 審查逐行複核正確（CAS／{error} 檢查／冷卻機制皆到位）。⚠️ 待驗：production cron 首次實際執行結果（Vercel Dashboard 確認），列 T38 checklist。本筆為 2026-07-08 文件整理時補記的結案回寫（當時漏回寫）。,"T26,T53",1,109,P0,完成
=======
T89,M2,金流,◆ ECPay 主動對帳（金流終極兜底）,營運面檢討（2026-07-04）：CLAUDE.md §6 原則「Webhook＋主動對帳 API 共用冪等鎖」中的主動對帳從未實作。意義：無論 webhook 因任何原因遺失（含尚未想到的失敗模式），定期用 ECPay 訂單查詢 API（QueryTradeInfo）比對「綠界已收款」vs「系統記錄狀態」，不一致就修正＋告警。它是 Invariant（付款成功的訂單最終必為 paid）的最終執法者——T88 這類「重試迴路斷鏈」問題有對帳在就從「永久遺失」降級為「最多延遲一個對帳週期」，整類問題一次兜住。實作：Vercel Cron＋查詢 API＋復用既有冪等機制（ensureOrderPaid 等）；涉及金流，動手前先 plan mode。收單前必須就位。｜✅ 完成（2026-07-07）：GET /api/cron/ecpay-reconcile（Vercel Cron 每日一次）呼叫 ECPay QueryTradeInfo 對帳卡住的 pending 付款，金額吻合才修正為 paid＋告警（不吻合／ECPay 回報失敗／非預期回應一律只告警不動狀態）；抽出 ensureOrderPaid/ensureNotificationSent 到共用模組 src/lib/order/ensure-paid.ts 供 webhook 共用，order_status_log.note 標記推進來源（webhook／reconcile）供追蹤 webhook 可靠度（呼應 T88）；migration 0007 加 payment.last_reconciled_at。/code-review high 修正 4 項（CAS 未檢查搶到、last_reconciled_at 更新未檢查 error、失敗跳過節流、端點推導靜默失敗）。Sandbox 端到端驗證（真實雲端 DB＋ECPay sandbox）中另外發現並修正候選查詢 .or() 過濾字串未跳脫 ISO timestamp 特殊字元的 bug（PostgREST 值含句點須雙引號包住），修正後 3 筆真實卡住的付款全數正確對帳為 paid。範圍不含逾期自動取消（留給 T66）。PR #33。,"T26,T53",1,109,P0,完成
>>>>>>> origin/master
T90,M2,營運,◆ 人工救援 runbook（docs/ops-runbook.md）,營運面檢討（2026-07-04）：程式多處已知失敗情境的設計答案是「留給人工修」（訂單卡 pending_payment、payment 缺 gateway_trade_no、notification 卡 failed、金額不符告警），但沒有任何文件寫「人工修」具體怎麼做。產出 docs/ops-runbook.md：每種已知異常情境的判斷方法（查哪張表哪個欄位）、修復 SQL／操作步驟、修復順序與風險提醒（先改哪張表、改錯會怎樣）、何時該聯絡綠界。「留給人工」而沒有 runbook＝留給恐慌。純 docs 產出、無程式改動；隨 T88／T89 落地後同步更新。,T31,0.5,109.5,P1,未開始
T91,M5,安全,🚀◆ 帳號與金鑰營運安全,營運面檢討（2026-07-04）：程式內金鑰管理有規則，帳號層沒人管。清單：①Supabase／Vercel／Resend／GitHub／綠界 dashboard 全部開 2FA；②ECPay 正式金鑰洩漏時的輪替程序文件化（T35 換正式金鑰時一併定）；③依賴安全漏洞通報機制——啟用 GitHub Dependabot alerts（CLAUDE.md 說「安全漏洞才升級」但目前沒有任何機制會通知有漏洞），或定期跑 pnpm audit。Dashboard 操作由使用者本人執行；Claude 負責 Dependabot 設定檔與輪替程序文件。上線前必完成。｜補充（2026-07-08 審查隨手記）：④requireAdmin 以 email 字串全等比對判定管理員——程式端改比對前雙方 toLowerCase()+trim() 正規化（一行），並在設定 ADMIN_EMAIL env 時核對與 Supabase 正規化後的登入 email 完全一致，否則管理員會被靜默擋在後台外。,—,0.5,110,P1,未開始
T92,M2,訂單,◆ 訂單狀態機 UPDATE 缺前置狀態守衛（F-007）,排程審查發現（2026-07-04 F-007）：transitionOrder／adminOverrideStatus 的 UPDATE 只綁 id、不綁 from status（check-then-act，無 .eq("status", from) 守衛），併發（雙擊同鈕、兩位管理者近乎同時點互斥目標）下兩個請求都會通過 canTransition 檢查、都寫入 order_status_log，導致重複或矛盾的稽核記錄（如同一單被記成 paid→in_production 又 paid→refunded）——同 codebase 的 ensureOrderPaid（notify/route.ts）已是條件式 UPDATE 正解，本檔漏套同一 pattern（coding-system.md §3.2／§3.4 擴散檢查案例）。修法：transitionOrder 的 UPDATE 加 .eq("status", from) 前置守衛＋.select("id").maybeSingle()，0 列命中則 throw「訂單狀態已變更」且不寫 log；adminOverrideStatus 同樣加 .eq("status", from) 守衛（語意仍是任意目標，但一次只成功一筆）。因觸及 order_status_log 財務稽核鏈完整性，登記 P1（審查原列 P2、註記「靠近 P1 邊界」，故升級）。,T28,0.5,110.5,P1,未開始
T93,M5,安全,◆ 售後申請限流＋同單去重（F-002）,排程審查發現（2026-07-02 F-002）：createSupportRequest 無速率限制、無「同單已申請」去重——登入會員可反覆呼叫（UI 重複點擊或直接 script server action）灌爆店家信箱與 support_request 表。需登入＋擁有 paid 訂單故濫用門檻較高，列 P2。修法：復用 src/lib/rate-limit.ts 既有 Upstash 基礎設施（memberId＋orderId 當 key）；或加「同訂單有 open 案件即拒新增」去重、引導客人回覆既有信件。與 T78 同屬「可灌爆寫入路徑缺限流」類別（G3），限流基礎設施可共用。,"T33,T58",0.25,110.75,P2,未開始
T94,M5,品質,◆ postcss CVE-2026-41305 修補（F-003）,排程審查發現（2026-07-02 F-003）：pnpm audit 回報 next>postcss@8.4.31 有 moderate XSS 公告（GHSA-qx2v-qp2m-jg93）。該漏洞需「解析使用者提交的 CSS 再嵌回 HTML」才可利用，本站不處理使用者 CSS、postcss 僅 build 期使用，實際曝險極低；依 CLAUDE.md §2「修補安全漏洞屬升級例外」登記追蹤。修法：pnpm.overrides 釘 postcss>=8.5.10 或等 Next 補丁版一併帶入；升級後 pnpm build＋pnpm audit 驗證清零、CSS 管線無回歸。,—,0.25,111,P2,未開始
T95,M2,品質,◆ 客人端讀取路徑補 Supabase {error} 檢查（F-008）,審查發現（2026-07-07 F-008）：pay／success 頁、createOrder、verify-prices、cart 讀取共 7 處只解構 data 不檢查 error——DB 暫時性故障（timeout／連線池耗盡）被誤判為「查無資料」：已付款客人在成功頁被 redirect 回首頁、付款中客人被踢回空購物車（cart 已因建單清空）、驗價誤報「商品已下架」。失敗方向 fail-closed 無金額風險故列 P2。修法：逐點補 error 分支——頁面層 render「系統忙碌請重新整理」（不可 redirect 走人）、action 層回「系統忙碌請稍後再試」與「購物車已空」區分、verifyCartPrices 對 error throw「系統忙碌」而非「商品已下架」。與 T79 同根因（§6 SDK 錯誤回傳必檢查）建議同批修復；動 checkout/actions.ts 的部分注意與 T76 重構的順序協調。,T23,0.5,111.5,P2,未開始
T96,M2,金流,◆ MerchantTradeNo→order_no 解析收斂單一出處（F-009）,審查發現（2026-07-07 F-009）：order_no 重組 slice 邏輯散落 order-result route 與 notify fallback 兩處 inline 複本，違反 §6「識別碼格式互轉單一出處」規則——T67 的根因（複本失同步）未根治，下次 order_no 格式演進改一漏一＝T67 完整重演（付款客人被導回首頁）。修法：merchant-trade-no.ts 新增 merchantTradeNoToOrderNo()（含格式防呆）供兩處 import；既有 route 測試（T85）加 round-trip 測試（generate→parse 還原）鎖住兩端同步。純重構、行為不變。｜隨手項（2026-07-08）：同批把 buildItemName 對商品名做 sanitize——ECPay ItemName 以 # 作品項分隔符，商品名含 # 會被切開顯示，組裝前將名稱中的 # 替換為全形＃；後台商品 CRUD（T10）屆時再加輸入端警示。,T67,0.25,111.75,P2,未開始
T97,M5,安全,◆ Production CSP 改 nonce-based（F-010）,審查發現（2026-07-07 F-010）：production CSP 的 script-src 含 unsafe-inline——任何 XSS 注入點的內聯腳本都會直接執行，CSP 對 XSS 的攔截力為零（T58 當時為 React/Next inline bootstrap 相容性妥協）。屬縱深防禦強化、需先存在另一個 XSS 缺陷才兌現，列 P2 不阻擋上線。修法：proxy.ts 每請求產 nonce＋script-src 帶 nonce 與 strict-dynamic（Next 自動帶進框架 script；全站轉動態渲染，本專案本來就預設動態影響小）；改完用 securityheaders.com 掃 staging 驗證。若遷移成本過高則明文記錄為已知接受風險。,T58,0.5,112.25,P2,未開始
T98,M5,訂單,◆ createOrder 防重複提交（F-011）,審查發現（2026-07-07 F-011）：createOrder 全程無伺服器端冪等鎖，checkout-form 的 disabled 只擋同一分頁——客人開兩分頁近乎同時送出→都讀到同一 cart、各自通過驗價、各建一張 pending_payment 訂單並導向各自的 ECPay 付款頁，兩邊都完成付款＝真金白銀重複扣款，只能人工退刷。機率低故 P2。修法：建單前對 cart 做原子性 CAS claim（條件式 UPDATE 搶鎖，0 列命中回「訂單處理中」），或併入 T76 RPC 交易化時以 cart id 上 advisory lock 一次解決。【批次：與 T76 同批——同檔重構、機制相同；若 T75（付款後才清車）先做，曝險窗口拉長、耦合更緊】,T76,0.25,112.5,P2,未開始
T99,M2,金流,◆ 對帳 cron CRON_SECRET 改 timing-safe 比對（F-012）,審查發現（2026-07-07 F-012）：ecpay-reconcile route 用字串不等號比對 Bearer secret，理論上可被 timing attack 逐字元猜出（實務可利用性極低：HTTPS 網路抖動遠大於字元比較時差、secret 高熵；且對帳冪等、無法竄改金額）。列入因 code-checklist A4 明文「驗證用 timing-safe 比對」且與同 codebase CheckMacValue 的 timing-safe 寫法不對稱。修法：crypto.timingSafeEqual（先比長度、轉 Buffer）。一行修改。｜隨手項（2026-07-08）：同檔順手修正 queryTradeInfo「非 200 一律標 RateLimitError」的告警語意——僅 429/503 視為限流，其餘狀態改標一般批次中止錯誤（訊息帶 HTTP status），避免 ECPay 5xx 在 Sentry 誤報成「被限流」誤導除錯方向；中止批次的保守行為不變。,T89,0.25,112.75,P2,未開始
T100,M2,品質,◆ 刪除過時型別殘留 types/supabase.ts（F-013）,審查發現（2026-07-07 F-013）：根目錄 types/supabase.ts（179 行、帶 BOM）為早期 supabase gen types 殘留——僅含最初 schema、缺 0003–0007 的欄位與 support_request 表，全 repo 無任何 import 引用。與正式生成檔 src/types/database.types.ts 並存，IDE auto-import 對 Database 型別給兩個候選、選錯拿到舊 schema（欄位子集相容時編譯照過、執行期才爆）。修法：確認無引用後 git rm。,—,0.25,113,P2,未開始
T101,M2,基礎建設,🚀◆ 最小 CI：GitHub Actions lint＋test（G-03）,"架構盤點發現（2026-07-07，docs/architecture.md §8.2 G-03）：無任何 CI——Vercel build 只擋 type error，vitest 測試套件（含金流冪等測試）不在合併路徑上，全靠人工執行。新增 .github/workflows/ci.yml：pull_request＋push master 觸發，pnpm install --frozen-lockfile → pnpm lint → pnpm test；測試已全面 mock env.server，CI 不需任何 secret（若有測試間接踩到 env.ts fail-fast，workflow 加 dummy 值即可，不放真金鑰）。刻意不在 CI 跑 build（Vercel preview build 已涵蓋）。完成後由使用者本人在 GitHub Settings → Branch protection 勾 required status check `check` 才真正成為合併關卡。亦為 T103（ECPG）Pass Criteria 前置。方案已於 2026-07-08 經使用者核可。｜✅ 完成（2026-07-09，PR #44）：.github/workflows/ci.yml 上線（node-version 需 22，因 pnpm@11.10.0 在 Node 20 執行 pnpm 本身會噴 ERR_UNKNOWN_BUILTIN_MODULE）；使用者已在 GitHub Settings → Branch protection 將 master 設為需通過 `check` 狀態檢查＋分支需為最新，CI 正式成為合併關卡。",—,0.5,113.5,P0,完成
T102,M5,品質,◆ 清理批次：對帳 cron 容量邊界＋OWNER_EMAIL 收斂（G-04/G-05）,"架構盤點發現（2026-07-07 G-04/G-05）：①ecpay-reconcile route 加 export const maxDuration = 300（容量上限明碼化：最壞 30 筆×約 1.4s≈45s，6 倍餘裕）＋檔頭容量假設註解（pending 積壓超過 30 筆代表 webhook 大面積失靈屬 P0 事故，非對帳問題）＋候選撈滿 CANDIDATE_LIMIT 時 Sentry warning（reconcile: candidate list saturated，積壓早期訊號）。②new-order-notification.ts:9 與 support-request-notification.ts:13 各自寫死 OWNER_EMAIL 常數（fishead02290@gmail.com），改讀 serverEnv.ADMIN_EMAIL——今日兩值相同，純消滅寫死複本，換信箱只需改 Vercel Dashboard 一處；長期「後台權限身分 vs 營運通知收件人」拆兩個 env var 屬 T09 範圍，此處不做。兩件皆微小，合併一個 PR。",T89,0.25,113.75,P2,未開始
T103,M5,金流,站內付 2.0 取代 AIO 導轉式信用卡（ECPG）,"完整規劃見 docs/ecpg-migration-plan.md（2026-07-08 產出，📋 未定案）：五階段——CSP spike（go/no-go 關卡）→AES-JSON 協議層→後端流程＋獨立新 webhook（既有 AIO webhook 留至退場）→前端嵌入頁 feature flag（PAYMENT_FLOW=aio|ecpg）分流→staging 全量、production 切換、30 天雙軌觀察後退場。資料層僅一支 migration（payment.protocol 欄位）；訂單狀態機／ensure-paid／sendOnce 零改動。效益＝不離站體驗＋為綁卡快付鋪路；主要風險＝ECPG webhook 重送規則官方未說明（reconcile cron 升為主防線，初期加密到每 4 小時）、3D 導向從對特店透明變成特店責任（新失敗模式）、CSP 須放寬白名單（jQuery→node-forge→官方 SDK 三段載入）。Pass Criteria 8 條量化門檻見規劃文件 §4。建議 MVP 上線後才動工；涉金流，動工前先 plan mode。","T35,T82,T101",7,120.75,P2,未開始
T104,M4,前台,🚀全客製預約表單（/custom）,"文件整理 Gap（2026-07-08）：user-flow Flow 4／IA 網站地圖／wireframe custom.html 皆已定案，但當初標「輕量新增、非編號任務」從未登記編號，易掉出視野。範圍：/custom 預約訂製說明頁＋需求表單（品項／預算帶／想法／參考圖選填／Email 必填）→建立詢問紀錄＋Email 通知店家（沿用 T49 寄信模式；插值一律 escape-html；限流比照 T93 售後申請）；可選寄客人確認信。不接金流、不建訂單；完整報價→確認書→鎖價為 Phase 3。",T39,1,121.75,P1,未開始
T105,M4,前台,🚀首頁正式版,"文件整理 Gap（2026-07-08）：homepage demo（incantochen-home.html）為設計定稿參考，但首頁實作無明確任務歸屬，production `/` 仍為骨架。範圍：依 IA §1＝品牌故事＋主打款 landing＋custom 入口；依 brand-guide 與 wireframe index.html 落地（hero 滿版深色＋explore collection 直書＋圓形下滑鈕等 token 已定）；主打款卡片接真實商品資料；情境圖素材未到位前用佔位策略（對齊 T55/T56 暫緩現況，不杜撰內容）。",T39,1.5,123.25,P1,未開始
T106,M2,品質,🚀◆ 自動化測試階段（verify:all＋E2E 套件＋測試紀錄）,"使用者需求（2026-07-08）：code review 完成後進入全自動測試階段，需完整測試計畫與測試紀錄。測試計畫已定於 docs/test-plan.md（S1–S7 案例矩陣＋紀錄規範）。實作範圍（Phase 1）：①tests/e2e/ 建置（@playwright/test＋helpers：loginAs／test-data(runId 標記+teardown 必清，⚠️ 目前打 production DB)／submitForm(requestSubmit 陷阱)／simulateWebhook(自組 CheckMacValue 直打 notify)）②S1–S7 全部 ✅ 級案例 ③pnpm verify:all（lint→tsc→vitest→build→e2e 一鍵）④自訂 reporter 產出 tests/e2e/records/*.md 測試紀錄（進 git、PR 引用）＋HTML report(ignored) ⑤tests/e2e/README.md（操作＋踩坑）。不進 CI／不進 hook；@sandbox 案例預設跳過。取代 dev-process.md P-04 原「掛任務順手做」方案。Phase 2（T82 後改打 staging）／Phase 3（T101 後 nightly）見 test-plan.md §5。","T51,T85",2,125.25,P1,未開始
T107,M2,金流,🚀◆ 對帳 cron 調整推進順序：payment 翻 paid 改為最後一步（F-014）,審查發現（2026-07-07 F-014，平行 session）：reconcile 先 CAS 把 payment.status 翻成 paid、才呼叫 ensureOrderPaid 推進訂單——推進段遇暫時性 DB 錯誤時 throw 冒泡整批中止，但候選鍵（status='pending'）已被消滅，隔日 cron 永遠不會再選到這筆：客人已付款、訂單永久卡 pending_payment、確認信未寄、無告警無自動復原——安全網自身留盲點。修法優先 A：調整順序讓 payment 翻 paid 成為最後一步——先 ensureOrderPaid＋ensureNotificationSent（皆冪等），全部成功後才 CAS 翻 paid，任一中途失敗都讓 payment 留在 pending、隔日自動重試（與 webhook 靠綠界重送兜底同理）；promotion 段並做 per-item try/catch 隔離，一筆失敗不拖垮整批。備選 B：候選集改以 orders 不變式為準（加撈 orders=pending_payment 但已有 paid payment 的漂移單）。涉及金流，動手前先 plan mode；建議列入上線必要子集（launch-scope.md）。,T89,0.5,125.75,P1,未開始
T108,M2,通知,◆ 面交 tracking_no 格式收斂單一出處（F-015）,審查發現（2026-07-07 F-015，平行 session）：面交與宅配共用 orders.tracking_no 一個字串、靠「面交」前綴分流，該字面量在 order-actions.tsx 寫入端與 order-shipped-notification.ts 解析端各手刻一份，僅靠註解維繫同步——與 T67 根因同型（C1 複本失同步）。任一端日後改寫法（如「面交：日期」或改詞「自取」）即靜默失準：面交單被判宅配、客人收到「已交由物流出貨請留意簽收」的矛盾通知。修法：新增 src/lib/order/shipping-tracking.ts 匯出 PICKUP_PREFIX＋buildPickupTracking()／parseTracking() 供兩端 import，禁止手刻字面量；中長期為 orders 增列獨立配送方式欄位（schema 變更，留 T48 物流定案時一併）。與 T96（F-009 同為單一出處收斂）可同批。,T30b,0.25,126,P2,未開始
